{"classifiers": ["Development Status :: 5 - Production/Stable", "Environment :: Console", "Environment :: MacOS X", "Environment :: X11 Applications :: Qt", "Environment :: Win32 (MS Windows)", "Intended Audience :: Developers", "License :: OSI Approved :: GNU General Public License v2 (GPLv2)", "Operating System :: MacOS :: MacOS X", "Operating System :: POSIX", "Operating System :: POSIX :: Linux", "Operating System :: Microsoft", "Operating System :: Microsoft :: Windows", "Programming Language :: C++", "Programming Language :: Python", "Programming Language :: Python :: 2", "Programming Language :: Python :: 2.6", "Programming Language :: Python :: 2.7", "Programming Language :: Python :: 3", "Programming Language :: Python :: 3.2", "Programming Language :: Python :: 3.3", "Programming Language :: Python :: 3.4", "Programming Language :: Python :: 3.5", "Programming Language :: Python :: 3.6", "Topic :: Database", "Topic :: Software Development", "Topic :: Software Development :: Code Generators", "Topic :: Software Development :: Libraries :: Application Frameworks", "Topic :: Software Development :: User Interfaces", "Topic :: Software Development :: Widget Sets"], "extensions": {"python.details": {"document_names": {"description": "DESCRIPTION.rst"}, "project_urls": {"Home": "http://www.riverbankcomputing.com/software/pyqt/"}}}, "generator": "bdist_wheel (0.29.0)", "license": "GPLv2", "metadata_version": "2.0", "name": "PyQt4", "platform": "any", "summary": "PyQt4-4.11.4-gpl-Py3.6-Qt4.8.7-x64", "version": "4.11.4"}